dataset,comparison,metric,mean_proposed,mean_variant,delta,ci_delta_low,ci_delta_high,p_wilcoxon,p_ttest,significant_0.05,cohens_d,n_pairs,note
0v1,proposed_vs_baseline_cong,accuracy,0.9939,0.9575,-0.0364,-0.0749,0.002,0.001953125,0.06057707472108699,1,-0.6781,10,classical/quantum baseline
0v1,proposed_vs_baseline_cong,f1,0.9939,0.9551,-0.0389,-0.0808,0.0031,0.001953125,0.06542629684461428,1,-0.6632,10,classical/quantum baseline
0v1,proposed_vs_baseline_cong,roc_auc,0.9996,0.989,-0.0107,-0.0258,0.0044,0.00390625,0.14459396006997696,1,-0.5052,10,classical/quantum baseline
0v1,proposed_vs_baseline_hur,accuracy,0.9939,0.9622,-0.0317,-0.0567,-0.0068,0.015625,0.01830215894552686,1,-0.9094,10,classical/quantum baseline
0v1,proposed_vs_baseline_hur,f1,0.9939,0.9623,-0.0317,-0.0571,-0.0062,0.01171875,0.02039901512742159,1,-0.8884,10,classical/quantum baseline
0v1,proposed_vs_baseline_hur,roc_auc,0.9996,0.9975,-0.0022,-0.0042,-0.0002,0.037109375,0.0376511231937966,1,-0.7701,10,classical/quantum baseline
0v1,proposed_vs_baseline_logistic,accuracy,0.9939,0.9968,0.0029,-0.0015,0.0073,0.15625,0.16729581519844317,0,0.475,10,classical/quantum baseline
0v1,proposed_vs_baseline_logistic,f1,0.9939,0.9968,0.0029,-0.0014,0.0072,0.15625,0.16537638373750813,0,0.4774,10,classical/quantum baseline
0v1,proposed_vs_baseline_logistic,roc_auc,0.9996,1.0,0.0003,-0.0,0.0007,0.015625,0.06398543808034017,1,0.6675,10,classical/quantum baseline
0v1,proposed_vs_baseline_mlp,accuracy,0.9939,0.9936,-0.0003,-0.0051,0.0046,1.0,0.8960411581274944,0,-0.0425,10,classical/quantum baseline
0v1,proposed_vs_baseline_mlp,f1,0.9939,0.9936,-0.0003,-0.0051,0.0045,0.7421875,0.8839457319859377,0,-0.0475,10,classical/quantum baseline
0v1,proposed_vs_baseline_mlp,roc_auc,0.9996,0.9969,-0.0027,-0.0061,0.0007,0.1953125,0.10527088468542428,0,-0.5694,10,classical/quantum baseline
0v1,proposed_vs_baseline_ttn,accuracy,0.9939,0.9758,-0.0181,-0.0306,-0.0056,0.01171875,0.009700290547255836,1,-1.0337,10,classical/quantum baseline
0v1,proposed_vs_baseline_ttn,f1,0.9939,0.9753,-0.0186,-0.0318,-0.0054,0.009765625,0.01097648173492516,1,-1.0093,10,classical/quantum baseline
0v1,proposed_vs_baseline_ttn,roc_auc,0.9996,0.9976,-0.002,-0.0045,0.0004,0.064453125,0.0896641597064243,0,-0.6013,10,classical/quantum baseline
0v1,proposed_vs_enc_feature_map,accuracy,0.993,0.9547,-0.0384,-0.0579,-0.0189,0.0625,0.005462307160278665,0,-2.4428,5,seed-paired only: different image_size/split than proposed
0v1,proposed_vs_enc_feature_map,f1,0.9931,0.9562,-0.0369,-0.0549,-0.0189,0.0625,0.004703121363315508,0,-2.5459,5,seed-paired only: different image_size/split than proposed
0v1,proposed_vs_enc_feature_map,roc_auc,0.9994,0.9923,-0.0071,-0.0123,-0.0019,0.0625,0.018868733516436448,0,-1.7059,5,seed-paired only: different image_size/split than proposed
0v1,proposed_vs_ent_none,accuracy,0.993,0.9895,-0.0035,-0.0117,0.0047,0.5,0.3045587846805348,0,-0.5262,5,
0v1,proposed_vs_ent_none,f1,0.9931,0.9896,-0.0035,-0.0116,0.0045,0.25,0.2860333320116245,0,-0.5502,5,
0v1,proposed_vs_ent_none,roc_auc,0.9994,0.9964,-0.003,-0.0069,0.0009,0.125,0.09788652666159074,0,-0.9619,5,
0v1,proposed_vs_ent_one_diagonal,accuracy,0.993,0.9919,-0.0012,-0.0119,0.0095,1.0,0.7780495489000209,0,-0.1348,5,
0v1,proposed_vs_ent_one_diagonal,f1,0.9931,0.9919,-0.0012,-0.0119,0.0094,0.75,0.7598302844186026,0,-0.1464,5,
0v1,proposed_vs_ent_one_diagonal,roc_auc,0.9994,0.9991,-0.0003,-0.0015,0.0009,0.4375,0.5156361687965602,0,-0.3185,5,
0v1,proposed_vs_kernel_ry,accuracy,0.993,0.9942,0.0012,-0.0067,0.0091,1.0,0.7040000000000001,0,0.1826,5,
0v1,proposed_vs_kernel_ry,f1,0.9931,0.9942,0.0011,-0.0066,0.0088,1.0,0.708062663354179,0,0.1799,5,
0v1,proposed_vs_kernel_ry,roc_auc,0.9994,0.9979,-0.0015,-0.0045,0.0014,0.625,0.21896860130779489,0,-0.6514,5,
0v1,proposed_vs_pool_measurement,accuracy,0.993,0.993,0.0,0.0,0.0,nan,nan,0,0.0,5,
0v1,proposed_vs_pool_measurement,f1,0.9931,0.9931,-0.0,-0.0001,0.0001,1.0,0.37390096630005887,0,-0.4472,5,
0v1,proposed_vs_pool_measurement,roc_auc,0.9994,0.999,-0.0004,-0.0023,0.0014,0.75,0.5503766142472257,0,-0.2913,5,
0v1,proposed_vs_pool_none,accuracy,0.993,0.9942,0.0012,-0.0021,0.0044,1.0,0.37390096630005887,0,0.4472,5,
0v1,proposed_vs_pool_none,f1,0.9931,0.9943,0.0012,-0.0021,0.0044,1.0,0.37390096630005887,0,0.4472,5,
0v1,proposed_vs_pool_none,roc_auc,0.9994,0.9994,0.0,-0.0004,0.0004,1.0,1.0,0,0.0,5,
3v5,proposed_vs_baseline_cong,accuracy,0.9337,0.757,-0.1767,-0.2601,-0.0934,0.0625,0.0041605535905208085,0,-2.633,5,classical/quantum baseline
3v5,proposed_vs_baseline_cong,f1,0.9312,0.707,-0.2242,-0.3519,-0.0965,0.0625,0.0081945317926706,0,-2.1798,5,classical/quantum baseline
3v5,proposed_vs_baseline_cong,roc_auc,0.9804,0.8761,-0.1044,-0.1992,-0.0095,0.0625,0.03783264553016683,0,-1.3664,5,classical/quantum baseline
3v5,proposed_vs_baseline_hur,accuracy,0.9337,0.8453,-0.0884,-0.1327,-0.044,0.0625,0.005205727024755379,0,-2.4756,5,classical/quantum baseline
3v5,proposed_vs_baseline_hur,f1,0.9312,0.8278,-0.1034,-0.1664,-0.0404,0.0625,0.010374640007910309,0,-2.0373,5,classical/quantum baseline
3v5,proposed_vs_baseline_hur,roc_auc,0.9804,0.9465,-0.0339,-0.0666,-0.0012,0.0625,0.04506928924419936,0,-1.2874,5,classical/quantum baseline
3v5,proposed_vs_baseline_logistic,accuracy,0.9337,0.9419,0.0081,-0.0271,0.0434,1.0,0.5559993326665001,0,0.287,5,classical/quantum baseline
3v5,proposed_vs_baseline_logistic,f1,0.9312,0.9424,0.0112,-0.0286,0.051,1.0,0.47883631139459254,0,0.3489,5,classical/quantum baseline
3v5,proposed_vs_baseline_logistic,roc_auc,0.9804,0.9843,0.0038,-0.0072,0.0148,0.8125,0.3902855143045597,0,0.4305,5,classical/quantum baseline
3v5,proposed_vs_baseline_mlp,accuracy,0.9337,0.9628,0.0291,-0.004,0.0622,0.125,0.07122760498010616,0,1.0911,5,classical/quantum baseline
3v5,proposed_vs_baseline_mlp,f1,0.9312,0.9628,0.0316,-0.0054,0.0686,0.0625,0.07647350891511782,0,1.0618,5,classical/quantum baseline
3v5,proposed_vs_baseline_mlp,roc_auc,0.9804,0.9894,0.009,-0.0022,0.0201,0.1875,0.08907888300957337,0,0.9997,5,classical/quantum baseline
3v5,proposed_vs_baseline_ttn,accuracy,0.9337,0.8186,-0.1151,-0.1591,-0.0711,0.0625,0.0019124718451713006,0,-3.2463,5,classical/quantum baseline
3v5,proposed_vs_baseline_ttn,f1,0.9312,0.8029,-0.1283,-0.1714,-0.0851,0.0625,0.001173194093244479,0,-3.693,5,classical/quantum baseline
3v5,proposed_vs_baseline_ttn,roc_auc,0.9804,0.9147,-0.0658,-0.0995,-0.0321,0.0625,0.005632900126899893,0,-2.422,5,classical/quantum baseline
3v5,proposed_vs_enc_feature_map,accuracy,0.9337,0.7628,-0.1709,-0.1968,-0.1451,0.0625,5.160776837218589e-05,0,-8.2175,5,seed-paired only: different image_size/split than proposed
3v5,proposed_vs_enc_feature_map,f1,0.9312,0.7542,-0.177,-0.2,-0.1539,0.0625,2.8539672935150094e-05,0,-9.5413,5,seed-paired only: different image_size/split than proposed
3v5,proposed_vs_enc_feature_map,roc_auc,0.9804,0.8446,-0.1359,-0.1874,-0.0844,0.0625,0.0018439889180236154,0,-3.2779,5,seed-paired only: different image_size/split than proposed
3v5,proposed_vs_ent_none,accuracy,0.9337,0.9326,-0.0012,-0.0302,0.0279,1.0,0.9168803090579424,0,-0.0497,5,
3v5,proposed_vs_ent_none,f1,0.9312,0.9314,0.0002,-0.0311,0.0314,1.0,0.9886615620535476,0,0.0068,5,
3v5,proposed_vs_ent_none,roc_auc,0.9804,0.9828,0.0024,-0.0082,0.0129,0.375,0.5702897141709957,0,0.2762,5,
3v5,proposed_vs_ent_one_diagonal,accuracy,0.9337,0.9349,0.0012,-0.0201,0.0225,1.0,0.8868266377960938,0,0.0678,5,
3v5,proposed_vs_ent_one_diagonal,f1,0.9312,0.9338,0.0026,-0.0212,0.0263,0.625,0.7802722984588517,0,0.1334,5,
3v5,proposed_vs_ent_one_diagonal,roc_auc,0.9804,0.9804,0.0,-0.0096,0.0096,1.0,0.9999999999999903,0,0.0,5,
3v5,proposed_vs_kernel_ry,accuracy,0.9337,0.9047,-0.0291,-0.0501,-0.008,0.0625,0.018541393276604364,0,-1.715,5,
3v5,proposed_vs_kernel_ry,f1,0.9312,0.8995,-0.0317,-0.0535,-0.0099,0.0625,0.01555917998942011,0,-1.8083,5,
3v5,proposed_vs_kernel_ry,roc_auc,0.9804,0.967,-0.0135,-0.0333,0.0064,0.125,0.13299818327400278,0,-0.8416,5,
3v5,proposed_vs_pool_measurement,accuracy,0.9337,0.9128,-0.0209,-0.0561,0.0143,0.3125,0.1742760562694091,0,-0.7379,5,
3v5,proposed_vs_pool_measurement,f1,0.9312,0.9074,-0.0238,-0.0664,0.0188,0.3125,0.19563303359430492,0,-0.694,5,
3v5,proposed_vs_pool_measurement,roc_auc,0.9804,0.9765,-0.0039,-0.0105,0.0026,0.125,0.17142755279714517,0,-0.7442,5,
3v5,proposed_vs_pool_none,accuracy,0.9337,0.9221,-0.0116,-0.023,-0.0002,0.125,0.04742065558431961,0,-1.2649,5,
3v5,proposed_vs_pool_none,f1,0.9312,0.9181,-0.0131,-0.0254,-0.0009,0.125,0.04099712781793117,0,-1.3298,5,
3v5,proposed_vs_pool_none,roc_auc,0.9804,0.9783,-0.0021,-0.0093,0.0051,0.625,0.4623299477788919,0,-0.3632,5,
4v9,proposed_vs_baseline_cong,accuracy,0.9081,0.8628,-0.0453,-0.0882,-0.0025,0.125,0.042400297219962316,0,-1.3147,5,classical/quantum baseline
4v9,proposed_vs_baseline_cong,f1,0.9109,0.8718,-0.0391,-0.0703,-0.008,0.125,0.025205696810056435,0,-1.5592,5,classical/quantum baseline
4v9,proposed_vs_baseline_cong,roc_auc,0.9637,0.9344,-0.0293,-0.0603,0.0017,0.125,0.058364949827074256,0,-1.1749,5,classical/quantum baseline
4v9,proposed_vs_baseline_hur,accuracy,0.9081,0.807,-0.1012,-0.1992,-0.0032,0.0625,0.045653709620364386,0,-1.2817,5,classical/quantum baseline
4v9,proposed_vs_baseline_hur,f1,0.9109,0.8287,-0.0822,-0.143,-0.0214,0.0625,0.01990330040252089,0,-1.6782,5,classical/quantum baseline
4v9,proposed_vs_baseline_hur,roc_auc,0.9637,0.9209,-0.0428,-0.0984,0.0128,0.0625,0.09917733893072504,0,-0.9567,5,classical/quantum baseline
4v9,proposed_vs_baseline_logistic,accuracy,0.9081,0.9453,0.0372,-0.006,0.0804,0.0625,0.07502160320336891,0,1.0696,5,classical/quantum baseline
4v9,proposed_vs_baseline_logistic,f1,0.9109,0.9453,0.0344,-0.0047,0.0735,0.0625,0.07096597415378632,0,1.0926,5,classical/quantum baseline
4v9,proposed_vs_baseline_logistic,roc_auc,0.9637,0.9904,0.0267,0.0097,0.0436,0.0625,0.011937926721409909,0,1.9558,5,classical/quantum baseline
4v9,proposed_vs_baseline_mlp,accuracy,0.9081,0.9616,0.0535,0.0086,0.0984,0.0625,0.029741381947686,0,1.4789,5,classical/quantum baseline
4v9,proposed_vs_baseline_mlp,f1,0.9109,0.9619,0.051,0.01,0.0921,0.0625,0.02605573769596707,0,1.5429,5,classical/quantum baseline
4v9,proposed_vs_baseline_mlp,roc_auc,0.9637,0.9934,0.0297,0.0091,0.0502,0.0625,0.01606001064432365,0,1.7912,5,classical/quantum baseline
4v9,proposed_vs_baseline_ttn,accuracy,0.9081,0.8453,-0.0628,-0.1183,-0.0072,0.125,0.03489186092213805,0,-1.4037,5,classical/quantum baseline
4v9,proposed_vs_baseline_ttn,f1,0.9109,0.8501,-0.0608,-0.1158,-0.0058,0.125,0.037356434946103384,0,-1.3722,5,classical/quantum baseline
4v9,proposed_vs_baseline_ttn,roc_auc,0.9637,0.9194,-0.0443,-0.0962,0.0075,0.125,0.07646670069185121,0,-1.0618,5,classical/quantum baseline
4v9,proposed_vs_enc_feature_map,accuracy,0.9081,0.7895,-0.1186,-0.1473,-0.0899,0.0625,0.000329104503240631,0,-5.1322,5,seed-paired only: different image_size/split than proposed
4v9,proposed_vs_enc_feature_map,f1,0.9109,0.7912,-0.1196,-0.1557,-0.0835,0.0625,0.00077440040114028,0,-4.1158,5,seed-paired only: different image_size/split than proposed
4v9,proposed_vs_enc_feature_map,roc_auc,0.9637,0.8569,-0.1068,-0.122,-0.0917,0.0625,3.98498019962473e-05,0,-8.7715,5,seed-paired only: different image_size/split than proposed
4v9,proposed_vs_ent_none,accuracy,0.9081,0.8872,-0.0209,-0.0542,0.0124,0.25,0.1560690833960404,0,-0.78,5,
4v9,proposed_vs_ent_none,f1,0.9109,0.891,-0.0199,-0.0529,0.013,0.1875,0.1687404783948321,0,-0.7502,5,
4v9,proposed_vs_ent_none,roc_auc,0.9637,0.951,-0.0127,-0.0329,0.0074,0.3125,0.15483911648302492,0,-0.7831,5,
4v9,proposed_vs_ent_one_diagonal,accuracy,0.9081,0.9163,0.0081,-0.0177,0.034,0.375,0.43096867170316666,0,0.3913,5,
4v9,proposed_vs_ent_one_diagonal,f1,0.9109,0.918,0.0072,-0.0167,0.031,0.375,0.45092517939471655,0,0.3732,5,
4v9,proposed_vs_ent_one_diagonal,roc_auc,0.9637,0.9649,0.0012,-0.0167,0.019,0.8125,0.8651390859582924,0,0.081,5,
4v9,proposed_vs_kernel_ry,accuracy,0.9081,0.9198,0.0116,-0.0226,0.0459,0.625,0.3991616175432785,0,0.4216,5,
4v9,proposed_vs_kernel_ry,f1,0.9109,0.9215,0.0106,-0.0175,0.0388,0.8125,0.3543671849281835,0,0.468,5,
4v9,proposed_vs_kernel_ry,roc_auc,0.9637,0.9735,0.0098,-0.0077,0.0272,0.3125,0.19461515688343178,0,0.696,5,
4v9,proposed_vs_pool_measurement,accuracy,0.9081,0.914,0.0058,-0.0207,0.0323,0.75,0.5756683403592856,0,0.2722,5,
4v9,proposed_vs_pool_measurement,f1,0.9109,0.9163,0.0055,-0.0184,0.0293,0.4375,0.5594396222138016,0,0.2844,5,
4v9,proposed_vs_pool_measurement,roc_auc,0.9637,0.968,0.0043,-0.0047,0.0132,0.4375,0.2556809663011128,0,0.5927,5,
4v9,proposed_vs_pool_none,accuracy,0.9081,0.9035,-0.0047,-0.0259,0.0166,0.875,0.5769327973042693,0,-0.2712,5,
4v9,proposed_vs_pool_none,f1,0.9109,0.9063,-0.0046,-0.0205,0.0114,0.625,0.4719134494470514,0,-0.3549,5,
4v9,proposed_vs_pool_none,roc_auc,0.9637,0.9565,-0.0072,-0.0227,0.0082,0.1875,0.26242580795370724,0,-0.5829,5,
5v8,proposed_vs_baseline_cong,accuracy,0.9058,0.6988,-0.207,-0.2744,-0.1395,0.0625,0.001041283430732317,0,-3.8102,5,classical/quantum baseline
5v8,proposed_vs_baseline_cong,f1,0.9088,0.7642,-0.1446,-0.1963,-0.0928,0.0625,0.001489376972181685,0,-3.4685,5,classical/quantum baseline
5v8,proposed_vs_baseline_cong,roc_auc,0.9639,0.8763,-0.0876,-0.1597,-0.0155,0.0625,0.027923458561282116,0,-1.5092,5,classical/quantum baseline
5v8,proposed_vs_baseline_hur,accuracy,0.9058,0.8047,-0.1012,-0.1823,-0.02,0.0625,0.025769701342596214,0,-1.5483,5,classical/quantum baseline
5v8,proposed_vs_baseline_hur,f1,0.9088,0.8218,-0.0869,-0.1557,-0.0182,0.125,0.024685875618765528,0,-1.5694,5,classical/quantum baseline
5v8,proposed_vs_baseline_hur,roc_auc,0.9639,0.8971,-0.0669,-0.115,-0.0187,0.0625,0.018177154111599245,0,-1.7254,5,classical/quantum baseline
5v8,proposed_vs_baseline_logistic,accuracy,0.9058,0.9442,0.0384,0.0003,0.0764,0.125,0.0488601654335539,0,1.2518,5,classical/quantum baseline
5v8,proposed_vs_baseline_logistic,f1,0.9088,0.9433,0.0346,-0.0016,0.0707,0.125,0.056783332966772765,0,1.1866,5,classical/quantum baseline
5v8,proposed_vs_baseline_logistic,roc_auc,0.9639,0.9865,0.0226,-0.0061,0.0512,0.1875,0.0943398967112785,0,0.9766,5,classical/quantum baseline
5v8,proposed_vs_baseline_mlp,accuracy,0.9058,0.964,0.0581,-0.0029,0.1192,0.0625,0.05731434782142987,0,1.1826,5,classical/quantum baseline
5v8,proposed_vs_baseline_mlp,f1,0.9088,0.964,0.0553,-0.0031,0.1137,0.0625,0.058382818693280665,0,1.1747,5,classical/quantum baseline
5v8,proposed_vs_baseline_mlp,roc_auc,0.9639,0.9843,0.0204,-0.0193,0.0602,0.3125,0.22701193082043888,0,0.6377,5,classical/quantum baseline
5v8,proposed_vs_baseline_ttn,accuracy,0.9058,0.7872,-0.1186,-0.172,-0.0652,0.0625,0.003520496671922942,0,-2.7558,5,classical/quantum baseline
5v8,proposed_vs_baseline_ttn,f1,0.9088,0.8025,-0.1063,-0.1562,-0.0564,0.0625,0.004103061005298073,0,-2.6431,5,classical/quantum baseline
5v8,proposed_vs_baseline_ttn,roc_auc,0.9639,0.8712,-0.0928,-0.134,-0.0515,0.0625,0.003363810392800666,0,-2.79,5,classical/quantum baseline
5v8,proposed_vs_enc_feature_map,accuracy,0.9058,0.7395,-0.1663,-0.2268,-0.1058,0.0625,0.001586571548882773,0,-3.4111,5,seed-paired only: different image_size/split than proposed
5v8,proposed_vs_enc_feature_map,f1,0.9088,0.7443,-0.1645,-0.2211,-0.1079,0.0625,0.001280401848794458,0,-3.6093,5,seed-paired only: different image_size/split than proposed
5v8,proposed_vs_enc_feature_map,roc_auc,0.9639,0.8003,-0.1636,-0.1968,-0.1304,0.0625,0.00016525244399405814,0,-6.1191,5,seed-paired only: different image_size/split than proposed
5v8,proposed_vs_ent_none,accuracy,0.9058,0.8023,-0.1035,-0.1711,-0.0359,0.0625,0.01315640062485197,0,-1.9007,5,
5v8,proposed_vs_ent_none,f1,0.9088,0.8276,-0.0812,-0.1422,-0.0201,0.0625,0.02099163334365502,0,-1.6509,5,
5v8,proposed_vs_ent_none,roc_auc,0.9639,0.8792,-0.0847,-0.1137,-0.0557,0.0625,0.001253256747316552,0,-3.6296,5,
5v8,proposed_vs_ent_one_diagonal,accuracy,0.9058,0.9105,0.0047,-0.0278,0.0371,0.875,0.7109476926790548,0,0.178,5,
5v8,proposed_vs_ent_one_diagonal,f1,0.9088,0.9131,0.0043,-0.0238,0.0324,0.8125,0.6919339200900756,0,0.1906,5,
5v8,proposed_vs_ent_one_diagonal,roc_auc,0.9639,0.963,-0.0009,-0.0154,0.0136,0.8125,0.8689044060717892,0,-0.0787,5,
5v8,proposed_vs_kernel_ry,accuracy,0.9058,0.893,-0.0128,-0.044,0.0184,0.375,0.31880843525936187,0,-0.5087,5,
5v8,proposed_vs_kernel_ry,f1,0.9088,0.8981,-0.0107,-0.0378,0.0165,0.625,0.33652995557628856,0,-0.488,5,
5v8,proposed_vs_kernel_ry,roc_auc,0.9639,0.9556,-0.0083,-0.0206,0.004,0.1875,0.1343403453452785,0,-0.8377,5,
5v8,proposed_vs_pool_measurement,accuracy,0.9058,0.9186,0.0128,-0.0266,0.0521,0.625,0.4177437822224261,0,0.4037,5,
5v8,proposed_vs_pool_measurement,f1,0.9088,0.9226,0.0139,-0.0223,0.0501,0.8125,0.3473772685763887,0,0.4757,5,
5v8,proposed_vs_pool_measurement,roc_auc,0.9639,0.976,0.0121,-0.0161,0.0402,0.3125,0.3001133849769358,0,0.5318,5,
5v8,proposed_vs_pool_none,accuracy,0.9058,0.9128,0.007,-0.0182,0.0322,0.875,0.4851979632652586,0,0.3436,5,
5v8,proposed_vs_pool_none,f1,0.9088,0.916,0.0072,-0.0146,0.029,0.625,0.41079383209815173,0,0.4103,5,
5v8,proposed_vs_pool_none,roc_auc,0.9639,0.9645,0.0006,-0.0186,0.0199,1.0,0.932768847389565,0,0.0402,5,
