dataset,config,n_runs,accuracy_mean,accuracy_std,precision_mean,precision_std,recall_mean,recall_std,f1_mean,f1_std,roc_auc_mean,roc_auc_std,pr_auc_mean,pr_auc_std
0v1,e3_pool_none,5,0.9507,0.0134,0.9531,0.0239,0.9493,0.0363,0.9504,0.0140,0.9874,0.0090,0.9885,0.0086
0v1,e3_pool_measurement,5,0.9662,0.0082,0.9611,0.0100,0.9718,0.0126,0.9664,0.0082,0.9936,0.0057,0.9949,0.0039
0v1,e3_pool_unitary,5,0.9662,0.0082,0.9611,0.0100,0.9718,0.0126,0.9664,0.0082,0.9936,0.0057,0.9949,0.0039
0v1,e3_pool_coherent,5,0.9634,0.0113,0.9564,0.0247,0.9718,0.0089,0.9638,0.0107,0.9959,0.0023,0.9962,0.0021
0v1,e3_pool_su4,5,0.9718,0.0161,0.9654,0.0333,0.9803,0.0144,0.9723,0.0154,0.9987,0.0014,0.9988,0.0014
3v5,e3_pool_none,5,0.7620,0.0376,0.8377,0.0758,0.6620,0.0807,0.7340,0.0439,0.8457,0.0506,0.8484,0.0611
3v5,e3_pool_measurement,5,0.8070,0.0440,0.8719,0.0415,0.7211,0.0813,0.7868,0.0561,0.9011,0.0407,0.9033,0.0310
3v5,e3_pool_unitary,5,0.8070,0.0440,0.8719,0.0415,0.7211,0.0813,0.7868,0.0561,0.9011,0.0407,0.9033,0.0310
3v5,e3_pool_coherent,5,0.8099,0.0134,0.8607,0.0256,0.7408,0.0340,0.7955,0.0168,0.9146,0.0200,0.9204,0.0158
3v5,e3_pool_su4,5,0.8634,0.0451,0.9469,0.0440,0.7718,0.0823,0.8475,0.0570,0.9527,0.0281,0.9549,0.0256
4v9,e3_pool_none,5,0.8394,0.0113,0.8450,0.0266,0.8338,0.0350,0.8384,0.0124,0.9222,0.0162,0.9019,0.0263
4v9,e3_pool_measurement,5,0.8606,0.0233,0.9164,0.0319,0.7944,0.0340,0.8505,0.0257,0.9338,0.0279,0.9207,0.0383
4v9,e3_pool_unitary,5,0.8606,0.0233,0.9164,0.0319,0.7944,0.0340,0.8505,0.0257,0.9338,0.0279,0.9207,0.0383
4v9,e3_pool_coherent,5,0.8662,0.0461,0.8369,0.0663,0.9183,0.0458,0.8738,0.0419,0.9351,0.0301,0.9234,0.0400
4v9,e3_pool_su4,5,0.8704,0.0580,0.8940,0.0689,0.8507,0.1177,0.8644,0.0696,0.9510,0.0241,0.9526,0.0276
0v1,baseline_cong,2,0.5000,0.0238,0.0000,0.0000,0.0000,0.0000,0.0000,0.0000,0.7227,0.0227,0.6924,0.0628
0v1,baseline_hur,2,0.4762,0.2857,0.3958,0.2708,0.5455,0.4545,0.4526,0.3474,0.5364,0.3909,0.6354,0.2837
0v1,baseline_logistic,2,0.8810,0.0238,0.8077,0.0385,1.0000,0.0000,0.8931,0.0236,0.9182,0.0182,0.9089,0.0113
0v1,baseline_mlp,2,0.5238,0.0000,0.2619,0.2619,0.5000,0.5000,0.3438,0.3438,0.2545,0.0545,0.3550,0.0022
0v1,baseline_ttn,2,0.6190,0.0476,0.7333,0.0667,0.3818,0.0182,0.5020,0.0314,0.5909,0.0091,0.6214,0.0701
